allele,Peptide,ID,Rank
DRB1_0301,LEKIIADLKAKSPGG,BVRF1,0.004071
DRB1_0302,EQAIVYDPASNREVP,BPLF1,0.006574
DRB1_0404,HSPVVILENVGQGQQ,EBNA-3B_EBNA-3C,0.006086
DRB1_0405,EEPFLSMSDSEEAES,BPLF1,0.005776
DRB1_0406,SGNLVAIPSLKQEVA,BALF2,0.007426
DRB1_0407,GDGFQSADNTPASSD,BPLF1,0.02335
DRB1_0408,EMDFVPLESNIARIA,BPLF1,0.007939
DRB1_0803,SAGIVQIPRISDQNQ,EBNA-3B_EBNA-3C,0.012385
DRB1_0811,VNTEFKDLSRMTDGK,BcLF1,0.014243
DRB1_1001,RPRFSALPPAPSREP,BRRF2,0.004995
DRB1_1102,DDPLDVHTRQPRFVD,EBNA-3B_EBNA-3C,0.007292
DRB1_1111,QIGYVAHQKHVASAV,BGRF1_BDRF1,0.00342
DRB1_1303,SAGIVQIPRISDQNQ,EBNA-3B_EBNA-3C,0.007609
DRB1_1304,SAGIVQIPRISDQNQ,EBNA-3B_EBNA-3C,0.007304
DRB1_0403,SGNLVAIPSLKQEVA,BALF2,0.007426
DRB1_0410,ENFILPMPSASDRDG,BALF5,0.006905
DRB1_0411,DQDMVPVGTEQDEER,BBLF4,0.010189
DRB1_0801,VNTEFKDLSRMTDGK,BcLF1,0.013889
DRB1_0806,SAGIVQIPRISDQNQ,EBNA-3B_EBNA-3C,0.003464
DRB1_0810,SAGIVQIPRISDQNQ,EBNA-3B_EBNA-3C,0.00397
DRB1_1106,RQSIAPLNRQAAYPP,BVRF1,0.007918
DRB1_1302,QIGYVAHQKHVASAV,BGRF1_BDRF1,0.004422
DRB1_1315,DDPLDVHTRQPRFVD,EBNA-3B_EBNA-3C,0.006262
DRB1_1402,TVEYVPDGRLPSEGD,BGLF5,0.006763
DRB1_1403,PGHVYVALSRARHSN,BBLF4,0.007856
DRB1_1404,WVVGIVPIKREDVET,BBLF2_BBLF3,0.002594
DRB1_1444,WVVGIVPIKREDVET,BBLF2_BBLF3,0.00885
DRB1_1602,TPPPFRILPAKKLAA,BOLF1,0.004943
DRB1_0102,RQRVQVLRAQGLGKQ,BARF0,0.003784
DRB1_0802,PGHVYVALSRARHSN,BBLF4,0.007743
DRB1_0807,TPPPFRILPAKKLAA,BOLF1,0.017235
DRB1_1103,GIVIKLLGRRKADGA,BALF5,0.004679
DRB1_1143,RQSIAPLNRQAAYPP,BVRF1,0.007583
DRB1_1301,DDPLDVHTRQPRFVD,EBNA-3B_EBNA-3C,0.007292
DRB1_1321,KINYKQLERVEELRE,BGLF3_5,0.008185
DRB1_1406,LEKIIADLKAKSPGG,BVRF1,0.007653
DRB1_1407,WVVGIVPIKREDVET,BBLF2_BBLF3,0.005689
DRB1_1409,TVEYVPDGRLPSEGD,BGLF5,0.002349
DRB1_1410,DQDMVPVGTEQDEER,BBLF4,0.023206
DRB1_1415,RQSIAPLNRQAAYPP,BVRF1,0.006468
DRB1_1503,PHDITPYTARNIRDA,EBNA-3B_EBNA-3C,0.006901
DRB1_1601,TPPPFRILPAKKLAA,BOLF1,0.00371
DRB1_0101,TPPPFRILPAKKLAA,BOLF1,0.002371
DRB1_0103,PPPFRILPAKKLAAI,BOLF1,0.000491
DRB1_0401,GDGFQSADNTPASSD,BPLF1,0.030246
DRB1_0402,ELEIKRYKNRVASRK,BZLF1,0.004034
DRB1_0701,QGKYAYVQGQTIYAN,BBRF1,0.007151
DRB1_0804,RQSIAPLNRQAAYPP,BVRF1,0.006468
DRB1_0901,EAEGFKPATEEQLEA,BPLF1,0.0049
DRB1_1101,PGHVYVALSRARHSN,BBLF4,0.008815
DRB1_1104,RQSIAPLNRQAAYPP,BVRF1,0.007583
DRB1_1201,LKVVVSLSSRLYTDE,BDLF1,0.010295
DRB1_1202,ESNIARIAGHTYQEQ,BPLF1,0.009708
DRB1_1305,PGHVYVALSRARHSN,BBLF4,0.008815
DRB1_1312,SAGIVQIPRISDQNQ,EBNA-3B_EBNA-3C,0.005326
DRB1_1401,WVVGIVPIKREDVET,BBLF2_BBLF3,0.003169
DRB1_1405,WVVGIVPIKREDVET,BBLF2_BBLF3,0.003299
DRB1_1501,PHDITPYTARNIRDA,EBNA-3B_EBNA-3C,0.005414
DRB1_1502,QDDFIKFKSPLVFPA,BFRF1,0.006574
